mean_fit_time,std_fit_time,mean_score_time,std_score_time,param_max_depth,param_max_features,param_max_samples,param_min_samples_split,params,split0_test_score,split1_test_score,split2_test_score,split3_test_score,split4_test_score,mean_test_score,std_test_score,rank_test_score
0.1210402488708496,0.004157232440720403,0.0031488895416259765,0.0018929909967876535,10,1.0,0.9,0.01,"{'max_depth': 10, 'max_features': 1.0, 'max_samples': 0.9, 'min_samples_split': 0.01}",0.9422382671480144,0.9602888086642599,0.967391304347826,0.9782608695652174,0.967391304347826,0.9631141108146288,0.011914665339179151,1
0.11102628707885742,0.0093519791037148,0.009921503067016602,0.006346037875017564,10,0.9,0.9,0.01,"{'max_depth': 10, 'max_features': 0.9, 'max_samples': 0.9, 'min_samples_split': 0.01}",0.9386281588447654,0.9711191335740073,0.967391304347826,0.9637681159420289,0.9746376811594203,0.9631088787736095,0.012768374031925976,2
0.11904149055480957,0.0054370726814039145,0.006229543685913086,0.0051565809953185065,10,1.0,1.0,0.01,"{'max_depth': 10, 'max_features': 1.0, 'max_samples': 1.0, 'min_samples_split': 0.01}",0.9530685920577617,0.9602888086642599,0.9601449275362319,0.9746376811594203,0.967391304347826,0.9631062627531,0.007332088089045195,3
0.11565461158752441,0.010559299177480714,0.007685232162475586,0.005014914427544655,10,0.8,0.9,0.01,"{'max_depth': 10, 'max_features': 0.8, 'max_samples': 0.9, 'min_samples_split': 0.01}",0.9350180505415162,0.9711191335740073,0.9637681159420289,0.9746376811594203,0.9637681159420289,0.9616622194318003,0.01397552981618639,4
0.11578779220581055,0.007775737681668569,0.007239103317260742,0.004448130484903576,10,0.9,1.0,0.01,"{'max_depth': 10, 'max_features': 0.9, 'max_samples': 1.0, 'min_samples_split': 0.01}",0.9458483754512635,0.9638989169675091,0.9601449275362319,0.967391304347826,0.9710144927536232,0.9616596034112908,0.008691030411253419,5
0.10805559158325195,0.004337195026975728,0.005333709716796875,0.00044967105234037976,10,0.7,0.7,0.01,"{'max_depth': 10, 'max_features': 0.7, 'max_samples': 0.7, 'min_samples_split': 0.01}",0.9314079422382672,0.9711191335740073,0.9601449275362319,0.9746376811594203,0.967391304347826,0.9609401977711505,0.015528265408089197,6
0.11929311752319335,0.009485777536095957,0.005127143859863281,0.004662756159630933,10,0.8,1.0,0.01,"{'max_depth': 10, 'max_features': 0.8, 'max_samples': 1.0, 'min_samples_split': 0.01}",0.9314079422382672,0.9711191335740073,0.9601449275362319,0.967391304347826,0.9746376811594203,0.9609401977711505,0.015528265408089197,6
0.10905866622924805,0.005029405682590291,0.007197809219360351,0.0049703337379831125,10,0.7,0.8,0.01,"{'max_depth': 10, 'max_features': 0.7, 'max_samples': 0.8, 'min_samples_split': 0.01}",0.9350180505415162,0.9675090252707581,0.9565217391304348,0.9782608695652174,0.9637681159420289,0.9602155600899911,0.01442225559479752,8
0.1125596046447754,0.0013111751182720256,0.005331611633300782,0.000764620755270674,10,0.7,0.9,0.01,"{'max_depth': 10, 'max_features': 0.7, 'max_samples': 0.9, 'min_samples_split': 0.01}",0.9386281588447654,0.9675090252707581,0.9601449275362319,0.9746376811594203,0.9601449275362319,0.9602129440694815,0.01206000038726527,9
0.12028498649597168,0.005458813204673712,0.002052783966064453,0.0025155291082861273,10,1.0,0.8,0.01,"{'max_depth': 10, 'max_features': 1.0, 'max_samples': 0.8, 'min_samples_split': 0.01}",0.9314079422382672,0.9602888086642599,0.967391304347826,0.967391304347826,0.9710144927536232,0.9594987704703606,0.01447007140847554,10
0.11562643051147461,0.002532355198150021,0.0020215511322021484,0.0024977401532844264,10,0.9,0.7,0.01,"{'max_depth': 10, 'max_features': 0.9, 'max_samples': 0.7, 'min_samples_split': 0.01}",0.9314079422382672,0.9638989169675091,0.9601449275362319,0.9746376811594203,0.967391304347826,0.9594961544498508,0.014834770726610973,11
0.11119551658630371,0.005130053242215636,0.005625724792480469,0.00034991826663754923,10,0.8,0.8,0.01,"{'max_depth': 10, 'max_features': 0.8, 'max_samples': 0.8, 'min_samples_split': 0.01}",0.9314079422382672,0.9711191335740073,0.9637681159420289,0.9637681159420289,0.9637681159420289,0.9587662847276721,0.013972306358498771,12
0.10366215705871581,0.0035571222468207377,0.008249902725219726,0.005270171927758123,10,0.8,0.7,0.01,"{'max_depth': 10, 'max_features': 0.8, 'max_samples': 0.7, 'min_samples_split': 0.01}",0.9314079422382672,0.9638989169675091,0.9565217391304348,0.9637681159420289,0.967391304347826,0.9565976037252131,0.013082463031920975,13
0.1134824275970459,0.004768467576491172,0.007671499252319336,0.004266534729751038,10,0.9,0.8,0.01,"{'max_depth': 10, 'max_features': 0.9, 'max_samples': 0.8, 'min_samples_split': 0.01}",0.9350180505415162,0.9638989169675091,0.9528985507246377,0.9710144927536232,0.9601449275362319,0.9565949877047035,0.012272729484764912,14
0.11457338333129882,0.005394233448792466,0.004750633239746093,0.002428017616548977,10,0.7,1.0,0.01,"{'max_depth': 10, 'max_features': 0.7, 'max_samples': 1.0, 'min_samples_split': 0.01}",0.9350180505415162,0.9711191335740073,0.9492753623188406,0.9710144927536232,0.9565217391304348,0.9565897556636843,0.013696855848730403,15
0.11409111022949218,0.00524651261812756,0.003158426284790039,0.0026228472493153437,10,1.0,0.7,0.01,"{'max_depth': 10, 'max_features': 1.0, 'max_samples': 0.7, 'min_samples_split': 0.01}",0.9314079422382672,0.9602888086642599,0.9601449275362319,0.9637681159420289,0.9601449275362319,0.9551509443834039,0.01195209756791418,16
0.11798338890075684,0.008434722433244123,0.004100179672241211,0.002107147942784379,7,1.0,0.7,0.01,"{'max_depth': 7, 'max_features': 1.0, 'max_samples': 0.7, 'min_samples_split': 0.01}",0.9314079422382672,0.9458483754512635,0.9565217391304348,0.9601449275362319,0.9565217391304348,0.9500889446973264,0.010496158913618396,17
0.11724462509155273,0.009112598722675246,0.005927276611328125,0.005203282047284215,7,1.0,0.9,0.01,"{'max_depth': 7, 'max_features': 1.0, 'max_samples': 0.9, 'min_samples_split': 0.01}",0.927797833935018,0.9422382671480144,0.9565217391304348,0.9637681159420289,0.9565217391304348,0.9493695390571861,0.012851618178304255,18
0.11388473510742188,0.007123593463633603,0.005555486679077149,0.004296198865351077,7,0.8,0.9,0.01,"{'max_depth': 7, 'max_features': 0.8, 'max_samples': 0.9, 'min_samples_split': 0.01}",0.9350180505415162,0.9530685920577617,0.9565217391304348,0.9565217391304348,0.9420289855072463,0.9486318212734787,0.008638503762452999,19
0.1130892276763916,0.007085595902274925,0.008395242691040038,0.005065199518909735,7,1.0,0.8,0.01,"{'max_depth': 7, 'max_features': 1.0, 'max_samples': 0.8, 'min_samples_split': 0.01}",0.927797833935018,0.9422382671480144,0.9565217391304348,0.9601449275362319,0.9492753623188406,0.9471956260137079,0.01148769640387027,20
0.11586804389953613,0.005359667411024755,0.004079675674438477,0.0026689105465668526,7,0.9,0.8,0.01,"{'max_depth': 7, 'max_features': 0.9, 'max_samples': 0.8, 'min_samples_split': 0.01}",0.927797833935018,0.9494584837545126,0.9456521739130435,0.9637681159420289,0.9456521739130435,0.9464657562915292,0.011472952757026686,21
0.12045159339904785,0.004381705309898293,0.003481769561767578,0.0020150888184630334,7,0.8,1.0,0.01,"{'max_depth': 7, 'max_features': 0.8, 'max_samples': 1.0, 'min_samples_split': 0.01}",0.924187725631769,0.9422382671480144,0.9565217391304348,0.9565217391304348,0.9492753623188406,0.9457489666718987,0.012014598166257032,22
0.1176614761352539,0.00692226588497079,0.006132364273071289,0.005081005073845876,7,0.9,1.0,0.01,"{'max_depth': 7, 'max_features': 0.9, 'max_samples': 1.0, 'min_samples_split': 0.01}",0.927797833935018,0.9422382671480144,0.9492753623188406,0.9601449275362319,0.9492753623188406,0.9457463506513891,0.010645964166680717,23
0.11208615303039551,0.006527427613006968,0.006458950042724609,0.004804198402848882,7,0.9,0.9,0.01,"{'max_depth': 7, 'max_features': 0.9, 'max_samples': 0.9, 'min_samples_split': 0.01}",0.927797833935018,0.9458483754512635,0.9420289855072463,0.9601449275362319,0.9528985507246377,0.9457437346308794,0.010903682065900672,24
0.12054853439331055,0.004272368547705104,0.004099321365356445,0.002057099466002977,7,1.0,1.0,0.01,"{'max_depth': 7, 'max_features': 1.0, 'max_samples': 1.0, 'min_samples_split': 0.01}",0.927797833935018,0.9350180505415162,0.9492753623188406,0.9565217391304348,0.9528985507246377,0.9443023073300895,0.011013957110026689,25
0.10833845138549805,0.008348616084900543,0.005302572250366211,0.0056683551455488845,7,0.8,0.8,0.01,"{'max_depth': 7, 'max_features': 0.8, 'max_samples': 0.8, 'min_samples_split': 0.01}",0.927797833935018,0.9386281588447654,0.9420289855072463,0.9601449275362319,0.9528985507246377,0.9442996913095797,0.01126628223034478,26
0.1065603256225586,0.008518325001396099,0.006585836410522461,0.005379526601633926,7,0.7,0.9,0.01,"{'max_depth': 7, 'max_features': 0.7, 'max_samples': 0.9, 'min_samples_split': 0.01}",0.927797833935018,0.9458483754512635,0.9420289855072463,0.9565217391304348,0.9456521739130435,0.9435698215874012,0.009256456528207821,27
0.10854959487915039,0.007133374551200366,0.004702234268188476,0.0066828457025094705,7,0.8,0.7,0.01,"{'max_depth': 7, 'max_features': 0.8, 'max_samples': 0.7, 'min_samples_split': 0.01}",0.9314079422382672,0.9422382671480144,0.9456521739130435,0.9492753623188406,0.9420289855072463,0.9421205462250823,0.00597404240394978,28
0.10455718040466308,0.007438683467912503,0.009427213668823242,0.007330916538865325,7,0.9,0.7,0.01,"{'max_depth': 7, 'max_features': 0.9, 'max_samples': 0.7, 'min_samples_split': 0.01}",0.927797833935018,0.9386281588447654,0.927536231884058,0.9601449275362319,0.9492753623188406,0.9406765029037828,0.012614931558849112,29
0.11063756942749023,0.006165625272674935,0.0016689300537109375,0.0021104837670550543,7,0.7,0.7,0.01,"{'max_depth': 7, 'max_features': 0.7, 'max_samples': 0.7, 'min_samples_split': 0.01}",0.927797833935018,0.9458483754512635,0.9384057971014492,0.9456521739130435,0.9384057971014492,0.9392219955004446,0.006589384383938802,30
0.10607314109802246,0.00669386861392595,0.004642105102539063,0.007204131707247673,7,0.7,0.8,0.01,"{'max_depth': 7, 'max_features': 0.7, 'max_samples': 0.8, 'min_samples_split': 0.01}",0.9314079422382672,0.9566787003610109,0.9347826086956522,0.9492753623188406,0.9239130434782609,0.9392115314184064,0.012007812266131688,31
0.11438565254211426,0.0036298833819842914,0.001983785629272461,0.002586826366608336,7,0.7,1.0,0.01,"{'max_depth': 7, 'max_features': 0.7, 'max_samples': 1.0, 'min_samples_split': 0.01}",0.9205776173285198,0.9422382671480144,0.927536231884058,0.9492753623188406,0.9311594202898551,0.9341573797938576,0.010306225744687926,32
0.10797529220581055,0.00764882279284336,0.010120153427124023,0.006030058870158353,10,0.9,1.0,0.03,"{'max_depth': 10, 'max_features': 0.9, 'max_samples': 1.0, 'min_samples_split': 0.03}",0.9133574007220217,0.9314079422382672,0.9311594202898551,0.9492753623188406,0.9057971014492754,0.926199445403652,0.01526696749234979,33
0.1064082145690918,0.002562490539538258,0.004582834243774414,0.0024789652237253617,10,0.7,1.0,0.03,"{'max_depth': 10, 'max_features': 0.7, 'max_samples': 1.0, 'min_samples_split': 0.03}",0.924187725631769,0.9422382671480144,0.9094202898550725,0.9311594202898551,0.9166666666666666,0.9247344739182755,0.011380469185114454,34
0.11002912521362304,0.005939225663325987,0.006035900115966797,0.0049796588494084,10,0.8,1.0,0.03,"{'max_depth': 10, 'max_features': 0.8, 'max_samples': 1.0, 'min_samples_split': 0.03}",0.9061371841155235,0.927797833935018,0.9202898550724637,0.9456521739130435,0.9130434782608695,0.9225841050593836,0.013609607787665363,35
0.11650524139404297,0.008394103434816204,0.004163312911987305,0.0022217236587949918,10,1.0,1.0,0.03,"{'max_depth': 10, 'max_features': 1.0, 'max_samples': 1.0, 'min_samples_split': 0.03}",0.9025270758122743,0.924187725631769,0.9239130434782609,0.9492753623188406,0.9094202898550725,0.9218646994192434,0.01606078217851909,36
0.11494660377502441,0.006229362687332872,0.0030924320220947266,0.0025274505551944543,10,1.0,0.9,0.03,"{'max_depth': 10, 'max_features': 1.0, 'max_samples': 0.9, 'min_samples_split': 0.03}",0.9097472924187726,0.924187725631769,0.927536231884058,0.9311594202898551,0.9094202898550725,0.9204101920159055,0.009111218252573838,37
0.1068796157836914,0.00512295933905376,0.0070361137390136715,0.0031299479359120004,10,0.9,0.9,0.03,"{'max_depth': 10, 'max_features': 0.9, 'max_samples': 0.9, 'min_samples_split': 0.03}",0.9061371841155235,0.927797833935018,0.9239130434782609,0.927536231884058,0.9094202898550725,0.9189609166535865,0.009291096537489843,38
0.11450357437133789,0.003454404801782173,0.006585836410522461,0.0046575002631185185,7,0.9,1.0,0.03,"{'max_depth': 7, 'max_features': 0.9, 'max_samples': 1.0, 'min_samples_split': 0.03}",0.9097472924187726,0.924187725631769,0.9202898550724637,0.9311594202898551,0.9057971014492754,0.9182362789724271,0.009310644486913433,39
0.11630992889404297,0.008113592106770937,0.004579401016235352,0.002429970067735971,10,0.8,0.9,0.03,"{'max_depth': 10, 'max_features': 0.8, 'max_samples': 0.9, 'min_samples_split': 0.03}",0.9133574007220217,0.924187725631769,0.9094202898550725,0.9456521739130435,0.8985507246376812,0.9182336629519176,0.015975588534272642,40
0.11592035293579102,0.00416098802454351,0.004040765762329102,0.002085142967652736,7,1.0,1.0,0.03,"{'max_depth': 7, 'max_features': 1.0, 'max_samples': 1.0, 'min_samples_split': 0.03}",0.9061371841155235,0.924187725631769,0.9239130434782609,0.927536231884058,0.9021739130434783,0.9167896196306179,0.01046955659125855,41
0.11369972229003907,0.006896708965601378,0.008866453170776367,0.007530030132817874,7,0.8,0.9,0.03,"{'max_depth': 7, 'max_features': 0.8, 'max_samples': 0.9, 'min_samples_split': 0.03}",0.9169675090252708,0.9133574007220217,0.9057971014492754,0.9420289855072463,0.9057971014492754,0.9167896196306179,0.013345473188027939,41
0.1112030029296875,0.003294491472407197,0.005441141128540039,0.0011125477308666471,10,1.0,0.8,0.03,"{'max_depth': 10, 'max_features': 1.0, 'max_samples': 0.8, 'min_samples_split': 0.03}",0.8989169675090253,0.9386281588447654,0.9239130434782609,0.9202898550724637,0.9021739130434783,0.9167843875895987,0.01464900710969135,43
0.11364097595214843,0.0024706962673641955,0.005371570587158203,0.0035511491477090026,7,0.8,1.0,0.03,"{'max_depth': 7, 'max_features': 0.8, 'max_samples': 1.0, 'min_samples_split': 0.03}",0.9061371841155235,0.9314079422382672,0.8985507246376812,0.9347826086956522,0.9130434782608695,0.9167843875895987,0.014125212370886655,43
0.1133835792541504,0.006928430994038842,0.0017223358154296875,0.0021543319375454915,7,0.9,0.9,0.03,"{'max_depth': 7, 'max_features': 0.9, 'max_samples': 0.9, 'min_samples_split': 0.03}",0.8989169675090253,0.9169675090252708,0.9239130434782609,0.927536231884058,0.9057971014492754,0.9146261706691782,0.010799343310206657,45
0.10925989151000977,0.006117347099837998,0.003225898742675781,0.002644948391997126,10,0.7,0.9,0.03,"{'max_depth': 10, 'max_features': 0.7, 'max_samples': 0.9, 'min_samples_split': 0.03}",0.9061371841155235,0.9169675090252708,0.9057971014492754,0.9384057971014492,0.9021739130434783,0.9138963009469995,0.01321637639804553,46
0.10491185188293457,0.0016102627560502564,0.0038022518157958983,0.001939370986589556,10,0.7,0.8,0.03,"{'max_depth': 10, 'max_features': 0.7, 'max_samples': 0.8, 'min_samples_split': 0.03}",0.9061371841155235,0.9205776173285198,0.9094202898550725,0.927536231884058,0.9021739130434783,0.9131690472453304,0.009441357553709204,47
0.12299766540527343,0.009571618640673202,0.00453643798828125,0.0010190401261656826,7,1.0,0.9,0.03,"{'max_depth': 7, 'max_features': 1.0, 'max_samples': 0.9, 'min_samples_split': 0.03}",0.8953068592057761,0.927797833935018,0.9094202898550725,0.9239130434782609,0.9057971014492754,0.9124470255846806,0.011952278502651703,48
0.10097169876098633,0.0075226168179574355,0.007916975021362304,0.007720404657879266,7,0.7,0.9,0.03,"{'max_depth': 7, 'max_features': 0.7, 'max_samples': 0.9, 'min_samples_split': 0.03}",0.9133574007220217,0.9097472924187726,0.9057971014492754,0.9347826086956522,0.8985507246376812,0.9124470255846806,0.01220101869501998,48
0.1049163818359375,0.001487775775984791,0.0053596973419189455,0.0004465063124244671,10,0.8,0.8,0.03,"{'max_depth': 10, 'max_features': 0.8, 'max_samples': 0.8, 'min_samples_split': 0.03}",0.9025270758122743,0.9169675090252708,0.9057971014492754,0.9311594202898551,0.9021739130434783,0.9117250039240308,0.0111008616379502,50
0.10739016532897949,0.008151829515484762,0.005007266998291016,0.005714861484195305,7,0.7,1.0,0.03,"{'max_depth': 7, 'max_features': 0.7, 'max_samples': 1.0, 'min_samples_split': 0.03}",0.9061371841155235,0.9097472924187726,0.9021739130434783,0.9384057971014492,0.8985507246376812,0.911002982263381,0.014206887012415017,51
0.10640816688537598,0.005780406978226179,0.0021649837493896485,0.0026644205939096123,7,0.7,0.8,0.03,"{'max_depth': 7, 'max_features': 0.7, 'max_samples': 0.8, 'min_samples_split': 0.03}",0.8989169675090253,0.9205776173285198,0.8985507246376812,0.9347826086956522,0.9021739130434783,0.9110003662428714,0.014396021475256832,52
0.11142759323120117,0.004149410707022095,0.004450416564941407,0.0010842072299176127,7,0.9,0.8,0.03,"{'max_depth': 7, 'max_features': 0.9, 'max_samples': 0.8, 'min_samples_split': 0.03}",0.9061371841155235,0.9061371841155235,0.9094202898550725,0.9347826086956522,0.894927536231884,0.9102809606027311,0.013199552420202819,53
0.11233634948730468,0.004114719348517173,0.0073070526123046875,0.003313558076566019,7,1.0,0.8,0.03,"{'max_depth': 7, 'max_features': 1.0, 'max_samples': 0.8, 'min_samples_split': 0.03}",0.8953068592057761,0.9097472924187726,0.9239130434782609,0.9166666666666666,0.9021739130434783,0.9095615549625908,0.010141557450311197,54
0.10142221450805664,0.00870366020802543,0.0067271232604980465,0.007841849404757503,7,0.8,0.7,0.03,"{'max_depth': 7, 'max_features': 0.8, 'max_samples': 0.7, 'min_samples_split': 0.03}",0.9025270758122743,0.9061371841155235,0.9021739130434783,0.9384057971014492,0.8985507246376812,0.9095589389420813,0.01462201162994162,55
0.10483150482177735,0.0033647168127294838,0.0033298015594482424,0.0018347807898020446,10,0.9,0.8,0.03,"{'max_depth': 10, 'max_features': 0.9, 'max_samples': 0.8, 'min_samples_split': 0.03}",0.9061371841155235,0.9169675090252708,0.9130434782608695,0.9202898550724637,0.8913043478260869,0.9095484748600431,0.010267613562646017,56
0.10837254524230958,0.012282186612935774,0.007122230529785156,0.007214250923172684,7,0.8,0.8,0.03,"{'max_depth': 7, 'max_features': 0.8, 'max_samples': 0.8, 'min_samples_split': 0.03}",0.9061371841155235,0.9169675090252708,0.9021739130434783,0.927536231884058,0.8913043478260869,0.9088238371788837,0.012448656229618863,57
0.10909628868103027,0.00847863840591488,0.004533576965332031,0.004307065018915909,7,0.9,0.7,0.03,"{'max_depth': 7, 'max_features': 0.9, 'max_samples': 0.7, 'min_samples_split': 0.03}",0.8989169675090253,0.9097472924187726,0.9202898550724637,0.9130434782608695,0.8985507246376812,0.9081096635797625,0.00838165132975744,58
0.09821009635925293,0.004809890105748866,0.005683135986328125,0.0038924847376586294,10,0.8,0.7,0.03,"{'max_depth': 10, 'max_features': 0.8, 'max_samples': 0.7, 'min_samples_split': 0.03}",0.9061371841155235,0.9025270758122743,0.8985507246376812,0.9384057971014492,0.8840579710144928,0.9059357505362842,0.01788373231253525,59
0.1143460750579834,0.012473838709586585,0.004986190795898437,0.0028227765663466253,10,0.9,0.7,0.03,"{'max_depth': 10, 'max_features': 0.9, 'max_samples': 0.7, 'min_samples_split': 0.03}",0.9097472924187726,0.9061371841155235,0.9094202898550725,0.9130434782608695,0.8876811594202898,0.9052058808141055,0.009031021896055895,60
0.10257987976074219,0.004617454357002118,0.007429313659667969,0.004661016296433093,10,0.7,0.7,0.03,"{'max_depth': 10, 'max_features': 0.7, 'max_samples': 0.7, 'min_samples_split': 0.03}",0.9061371841155235,0.9169675090252708,0.8913043478260869,0.9166666666666666,0.894927536231884,0.9052006487730864,0.010671922847095184,61
0.10905666351318359,0.010128907356857605,0.007855844497680665,0.005845265359546134,10,1.0,0.7,0.03,"{'max_depth': 10, 'max_features': 1.0, 'max_samples': 0.7, 'min_samples_split': 0.03}",0.8953068592057761,0.9061371841155235,0.9057971014492754,0.9130434782608695,0.8985507246376812,0.9037670695338251,0.006238199170428357,62
0.09785079956054688,0.005218974590948719,0.006524991989135742,0.006246958899384069,7,0.7,0.7,0.03,"{'max_depth': 7, 'max_features': 0.7, 'max_samples': 0.7, 'min_samples_split': 0.03}",0.9025270758122743,0.8989169675090253,0.8913043478260869,0.927536231884058,0.8913043478260869,0.9023177941715061,0.013342945868601254,63
0.11734256744384766,0.008064514641008718,0.0026653289794921877,0.0023542389204825142,7,1.0,0.7,0.03,"{'max_depth': 7, 'max_features': 1.0, 'max_samples': 0.7, 'min_samples_split': 0.03}",0.8953068592057761,0.8916967509025271,0.9094202898550725,0.9094202898550725,0.8876811594202898,0.8987050698477477,0.009075492832111207,64
0.09864768981933594,0.002935530970325699,0.006425189971923828,0.007879868336570468,5,0.7,0.7,0.01,"{'max_depth': 5, 'max_features': 0.7, 'max_samples': 0.7, 'min_samples_split': 0.01}",0.855595667870036,0.9061371841155235,0.8913043478260869,0.9021739130434783,0.894927536231884,0.8900277298174017,0.017990269765244905,65
0.10385546684265137,0.006678604508672228,0.003030681610107422,0.0026965428476465507,5,0.7,0.9,0.01,"{'max_depth': 5, 'max_features': 0.7, 'max_samples': 0.9, 'min_samples_split': 0.01}",0.8700361010830325,0.8953068592057761,0.8876811594202898,0.9166666666666666,0.8768115942028986,0.8893004761157327,0.016215397167431714,66
0.10267038345336914,0.004012327918112095,0.008443880081176757,0.006552998150390629,5,0.7,1.0,0.03,"{'max_depth': 5, 'max_features': 0.7, 'max_samples': 1.0, 'min_samples_split': 0.03}",0.8700361010830325,0.9061371841155235,0.8804347826086957,0.894927536231884,0.8804347826086957,0.8863940773295662,0.012658751600547422,67
0.10294156074523926,0.007945715530456943,0.007451772689819336,0.009266535079840451,5,0.7,1.0,0.01,"{'max_depth': 5, 'max_features': 0.7, 'max_samples': 1.0, 'min_samples_split': 0.01}",0.855595667870036,0.9025270758122743,0.8876811594202898,0.8985507246376812,0.8804347826086957,0.8849578820697953,0.016634038768809898,68
0.10237326622009277,0.00444226035776283,0.0013673782348632812,0.0027347564697265624,5,0.7,0.8,0.01,"{'max_depth': 5, 'max_features': 0.7, 'max_samples': 0.8, 'min_samples_split': 0.01}",0.8628158844765343,0.8916967509025271,0.8804347826086957,0.9166666666666666,0.8659420289855072,0.8835112227279861,0.01955875462383806,69
0.10484023094177246,0.009326006047884292,0.008067655563354491,0.007809120617651482,5,0.9,1.0,0.01,"{'max_depth': 5, 'max_features': 0.9, 'max_samples': 1.0, 'min_samples_split': 0.01}",0.851985559566787,0.9025270758122743,0.8768115942028986,0.9021739130434783,0.8768115942028986,0.8820619473656673,0.018884036461825616,70
0.10287160873413086,0.008647067737137628,0.0069125652313232425,0.006281293178394077,5,0.8,0.9,0.01,"{'max_depth': 5, 'max_features': 0.8, 'max_samples': 0.9, 'min_samples_split': 0.01}",0.8592057761732852,0.8989169675090253,0.8731884057971014,0.9057971014492754,0.8731884057971014,0.8820593313451578,0.01747760424486957,71
0.10112347602844238,0.009115381033365882,0.005457401275634766,0.005878798779853656,5,0.8,0.7,0.01,"{'max_depth': 5, 'max_features': 0.8, 'max_samples': 0.7, 'min_samples_split': 0.01}",0.855595667870036,0.8916967509025271,0.8768115942028986,0.9094202898550725,0.8731884057971014,0.8813425417255271,0.018141061265702654,72
0.09935173988342286,0.0010143003768429768,0.005595254898071289,0.006460016431021827,5,0.8,0.8,0.01,"{'max_depth': 5, 'max_features': 0.8, 'max_samples': 0.8, 'min_samples_split': 0.01}",0.851985559566787,0.8953068592057761,0.8768115942028986,0.9094202898550725,0.8695652173913043,0.8806179040443677,0.020009017263551313,73
0.11185617446899414,0.007568539534804354,0.003072357177734375,0.0049319604732167,5,1.0,0.9,0.01,"{'max_depth': 5, 'max_features': 1.0, 'max_samples': 0.9, 'min_samples_split': 0.01}",0.851985559566787,0.8916967509025271,0.8840579710144928,0.8985507246376812,0.8695652173913043,0.8791712447025585,0.016659351002814557,74
0.10979094505310058,0.008903925838119291,0.004467821121215821,0.002421354729032934,5,0.9,0.9,0.01,"{'max_depth': 5, 'max_features': 0.9, 'max_samples': 0.9, 'min_samples_split': 0.01}",0.8447653429602888,0.9025270758122743,0.8913043478260869,0.8985507246376812,0.8586956521739131,0.8791686286820489,0.023114009650718696,75
0.11421127319335937,0.007724811794273337,0.0026000499725341796,0.002209293485161837,5,0.9,0.8,0.01,"{'max_depth': 5, 'max_features': 0.9, 'max_samples': 0.8, 'min_samples_split': 0.01}",0.851985559566787,0.8808664259927798,0.8913043478260869,0.8985507246376812,0.8695652173913043,0.8784544550829277,0.016458544126261774,76
0.10354366302490234,0.008072135425850861,0.0029456615447998047,0.003069044587032559,5,0.7,0.9,0.03,"{'max_depth': 5, 'max_features': 0.7, 'max_samples': 0.9, 'min_samples_split': 0.03}",0.8483754512635379,0.8953068592057761,0.8768115942028986,0.8985507246376812,0.8731884057971014,0.878446607021399,0.018016880998083493,77
0.11103472709655762,0.008621665973431102,0.0032027244567871095,0.0026281285168191387,5,0.9,0.7,0.01,"{'max_depth': 5, 'max_features': 0.9, 'max_samples': 0.7, 'min_samples_split': 0.01}",0.855595667870036,0.8916967509025271,0.8840579710144928,0.8985507246376812,0.8623188405797102,0.8784439910008894,0.016694307413858363,78
0.11112484931945801,0.008525605495084413,0.0028317451477050783,0.002344874578697425,5,0.9,0.8,0.03,"{'max_depth': 5, 'max_features': 0.9, 'max_samples': 0.8, 'min_samples_split': 0.03}",0.8447653429602888,0.8916967509025271,0.8768115942028986,0.9021739130434783,0.8731884057971014,0.8777272013812588,0.01949724666380751,79
0.09956836700439453,0.007884338446124298,0.008793067932128907,0.006893941966826641,5,0.8,0.8,0.03,"{'max_depth': 5, 'max_features': 0.8, 'max_samples': 0.8, 'min_samples_split': 0.03}",0.8411552346570397,0.8989169675090253,0.8840579710144928,0.8876811594202898,0.8768115942028986,0.8777245853607492,0.01962912716198021,80
0.09945588111877442,0.0025353439925463114,0.007007169723510742,0.00859802762549415,5,0.8,0.7,0.03,"{'max_depth': 5, 'max_features': 0.8, 'max_samples': 0.7, 'min_samples_split': 0.03}",0.8483754512635379,0.8880866425992779,0.8659420289855072,0.8913043478260869,0.8913043478260869,0.8770025637000994,0.017168493574243184,81
0.10032896995544434,0.0050041470167594615,0.002536106109619141,0.002159772005740565,5,0.8,0.9,0.03,"{'max_depth': 5, 'max_features': 0.8, 'max_samples': 0.9, 'min_samples_split': 0.03}",0.8483754512635379,0.8880866425992779,0.8731884057971014,0.9021739130434783,0.8695652173913043,0.8762779260189401,0.01812843965180865,82
0.11255970001220703,0.0064438046450163,0.002040386199951172,0.0024997974885096544,5,0.9,1.0,0.03,"{'max_depth': 5, 'max_features': 0.9, 'max_samples': 1.0, 'min_samples_split': 0.03}",0.8483754512635379,0.9061371841155235,0.8768115942028986,0.8913043478260869,0.8586956521739131,0.876264845916392,0.02100160490880263,83
0.10507116317749024,0.008380858436079639,0.004375028610229492,0.00617854944821324,5,1.0,0.7,0.01,"{'max_depth': 5, 'max_features': 1.0, 'max_samples': 0.7, 'min_samples_split': 0.01}",0.851985559566787,0.8772563176895307,0.8840579710144928,0.9021739130434783,0.8623188405797102,0.8755585203787998,0.017403884084531474,84
0.1109848976135254,0.008982444222840872,0.0030606269836425783,0.0061212539672851575,5,1.0,1.0,0.01,"{'max_depth': 5, 'max_features': 1.0, 'max_samples': 1.0, 'min_samples_split': 0.01}",0.851985559566787,0.8808664259927798,0.8913043478260869,0.8913043478260869,0.8623188405797102,0.8755559043582901,0.015843040077054,85
0.12748274803161622,0.010072485387763152,0.004732990264892578,0.003776285905807128,5,0.8,1.0,0.03,"{'max_depth': 5, 'max_features': 0.8, 'max_samples': 1.0, 'min_samples_split': 0.03}",0.8483754512635379,0.8916967509025271,0.8695652173913043,0.8913043478260869,0.8768115942028986,0.875550672317271,0.01602986200633072,86
0.10726628303527833,0.007839659225391144,0.0028133392333984375,0.004382896917213543,5,0.8,1.0,0.01,"{'max_depth': 5, 'max_features': 0.8, 'max_samples': 1.0, 'min_samples_split': 0.01}",0.8411552346570397,0.8989169675090253,0.8659420289855072,0.9057971014492754,0.8659420289855072,0.875550672317271,0.023784568154240345,86
0.10746169090270996,0.012053852509137803,0.007867002487182617,0.007252614921885012,5,1.0,0.9,0.03,"{'max_depth': 5, 'max_features': 1.0, 'max_samples': 0.9, 'min_samples_split': 0.03}",0.851985559566787,0.8736462093862816,0.894927536231884,0.8913043478260869,0.8623188405797102,0.87483649871815,0.016462769005752033,88
0.10044751167297364,0.008736671723772241,0.009211921691894531,0.007816673027580224,5,0.7,0.8,0.03,"{'max_depth': 5, 'max_features': 0.7, 'max_samples': 0.8, 'min_samples_split': 0.03}",0.851985559566787,0.8953068592057761,0.8623188405797102,0.8913043478260869,0.8731884057971014,0.8748208025950923,0.016563803165579465,89
0.10783309936523437,0.0066021871001264495,0.008199596405029297,0.00803448876219935,5,1.0,1.0,0.03,"{'max_depth': 5, 'max_features': 1.0, 'max_samples': 1.0, 'min_samples_split': 0.03}",0.855595667870036,0.8736462093862816,0.8768115942028986,0.894927536231884,0.8659420289855072,0.8733846073353215,0.013021127446259604,90
0.09684286117553711,0.006586352211159462,0.006397390365600586,0.007846180285339252,5,0.7,0.7,0.03,"{'max_depth': 5, 'max_features': 0.7, 'max_samples': 0.7, 'min_samples_split': 0.03}",0.855595667870036,0.8989169675090253,0.8768115942028986,0.8768115942028986,0.8586956521739131,0.8733662951917542,0.015540913669287745,91
0.11099810600280761,0.007593856561767216,0.008254528045654297,0.007840492037827277,5,0.9,0.7,0.03,"{'max_depth': 5, 'max_features': 0.9, 'max_samples': 0.7, 'min_samples_split': 0.03}",0.851985559566787,0.8844765342960289,0.8768115942028986,0.8840579710144928,0.8623188405797102,0.8719300999319834,0.012794438286051124,92
0.11266331672668457,0.005907341607663838,0.000902557373046875,0.0018051147460937502,5,1.0,0.7,0.03,"{'max_depth': 5, 'max_features': 1.0, 'max_samples': 0.7, 'min_samples_split': 0.03}",0.851985559566787,0.8916967509025271,0.8768115942028986,0.8768115942028986,0.8586956521739131,0.8712002302098047,0.014203170153233583,93
0.1061171054840088,0.007751571319735349,0.0033599376678466798,0.00671987533569336,5,1.0,0.8,0.03,"{'max_depth': 5, 'max_features': 1.0, 'max_samples': 0.8, 'min_samples_split': 0.03}",0.851985559566787,0.8880866425992779,0.8731884057971014,0.8768115942028986,0.8623188405797102,0.8704782085491549,0.012377942031737164,94
0.10696272850036621,0.006536925903106898,0.008147621154785156,0.0075190093707280725,5,0.9,0.9,0.03,"{'max_depth': 5, 'max_features': 0.9, 'max_samples': 0.9, 'min_samples_split': 0.03}",0.8447653429602888,0.8953068592057761,0.8768115942028986,0.8731884057971014,0.8623188405797102,0.8704782085491549,0.01668319860723509,94
0.10349831581115723,0.011400617830103677,0.007040643692016601,0.007067456477367464,7,0.8,1.0,0.07,"{'max_depth': 7, 'max_features': 0.8, 'max_samples': 1.0, 'min_samples_split': 0.07}",0.8592057761732852,0.8880866425992779,0.8695652173913043,0.8623188405797102,0.8659420289855072,0.869023701145817,0.010144283966678302,96
0.10314059257507324,0.005575010790671465,0.00478510856628418,0.00733057520568065,10,1.0,0.9,0.07,"{'max_depth': 10, 'max_features': 1.0, 'max_samples': 0.9, 'min_samples_split': 0.07}",0.8700361010830325,0.8772563176895307,0.8586956521739131,0.8695652173913043,0.8623188405797102,0.8675744257834982,0.0064840716225329775,97
0.10900554656982422,0.008747874384620278,0.00482792854309082,0.005576861973184296,5,1.0,0.8,0.01,"{'max_depth': 5, 'max_features': 1.0, 'max_samples': 0.8, 'min_samples_split': 0.01}",0.851985559566787,0.8844765342960289,0.8623188405797102,0.8768115942028986,0.8586956521739131,0.8668576361638675,0.011982521957841254,98
0.11171607971191407,0.008352215531563147,0.009021139144897461,0.004705243708608905,7,1.0,1.0,0.07,"{'max_depth': 7, 'max_features': 1.0, 'max_samples': 1.0, 'min_samples_split': 0.07}",0.855595667870036,0.8808664259927798,0.855072463768116,0.8695652173913043,0.8659420289855072,0.8654083608015487,0.009587864704391647,99
0.10046911239624023,0.0021543231194478107,0.004140996932983398,0.005414189552718544,7,0.7,0.9,0.07,"{'max_depth': 7, 'max_features': 0.7, 'max_samples': 0.9, 'min_samples_split': 0.07}",0.8592057761732852,0.8844765342960289,0.8731884057971014,0.855072463768116,0.855072463768116,0.8654031287605296,0.011629770373652048,100
0.11055932044982911,0.006660064979257038,0.005202722549438476,0.0005946426148536415,10,0.8,1.0,0.07,"{'max_depth': 10, 'max_features': 0.8, 'max_samples': 1.0, 'min_samples_split': 0.07}",0.8483754512635379,0.8700361010830325,0.8768115942028986,0.8695652173913043,0.8586956521739131,0.8646968032229372,0.010013771141158773,101
0.10630650520324707,0.003323323453147178,0.004531002044677735,0.002561149686194521,7,0.9,0.9,0.07,"{'max_depth': 7, 'max_features': 0.9, 'max_samples': 0.9, 'min_samples_split': 0.07}",0.8664259927797834,0.8880866425992779,0.8695652173913043,0.8514492753623188,0.8478260869565217,0.8646706430178412,0.014379782884782267,102
0.10380940437316895,0.0029414087225577406,0.0011493206024169923,0.0015776328101350652,10,0.9,1.0,0.07,"{'max_depth': 10, 'max_features': 0.9, 'max_samples': 1.0, 'min_samples_split': 0.07}",0.8483754512635379,0.8880866425992779,0.8586956521739131,0.8731884057971014,0.8478260869565217,0.8632344477580703,0.015462993848787054,103
0.10779390335083008,0.0036300880698333505,0.006576013565063476,0.0032895384716037563,7,0.9,1.0,0.07,"{'max_depth': 7, 'max_features': 0.9, 'max_samples': 1.0, 'min_samples_split': 0.07}",0.8339350180505415,0.8844765342960289,0.8623188405797102,0.8623188405797102,0.8586956521739131,0.8603489771359808,0.016064435604668654,104
0.1008878231048584,0.006145107841204665,0.0038249015808105467,0.003267031231248231,10,0.7,0.9,0.07,"{'max_depth': 10, 'max_features': 0.7, 'max_samples': 0.9, 'min_samples_split': 0.07}",0.851985559566787,0.8700361010830325,0.8623188405797102,0.8695652173913043,0.8478260869565217,0.8603463611154712,0.009049080776101025,105
0.10264296531677246,0.004647246485435699,0.006878519058227539,0.005702763486227965,7,0.8,0.9,0.07,"{'max_depth': 7, 'max_features': 0.8, 'max_samples': 0.9, 'min_samples_split': 0.07}",0.8447653429602888,0.8700361010830325,0.8659420289855072,0.8623188405797102,0.855072463768116,0.859626955475331,0.008911651164568648,106
0.10631275177001953,0.008431162385889144,0.00861496925354004,0.006661714854626517,10,0.8,0.9,0.07,"{'max_depth': 10, 'max_features': 0.8, 'max_samples': 0.9, 'min_samples_split': 0.07}",0.855595667870036,0.8736462093862816,0.8731884057971014,0.8514492753623188,0.8442028985507246,0.8596164913932924,0.011844653911071808,107
0.1084355354309082,0.007613642964549784,0.008929109573364258,0.006880560991677832,7,1.0,0.9,0.07,"{'max_depth': 7, 'max_features': 1.0, 'max_samples': 0.9, 'min_samples_split': 0.07}",0.8628158844765343,0.8772563176895307,0.8623188405797102,0.8405797101449275,0.855072463768116,0.8596086433317638,0.011931045204708645,108
0.10287966728210449,0.0051457490414922825,0.004091310501098633,0.002144565210642887,10,0.7,1.0,0.07,"{'max_depth': 10, 'max_features': 0.7, 'max_samples': 1.0, 'min_samples_split': 0.07}",0.855595667870036,0.8628158844765343,0.8586956521739131,0.8659420289855072,0.8514492753623188,0.858899701773662,0.005126363028644754,109
0.10519242286682129,0.008418995603703138,0.006261491775512695,0.0049014299886583155,10,1.0,1.0,0.07,"{'max_depth': 10, 'max_features': 1.0, 'max_samples': 1.0, 'min_samples_split': 0.07}",0.8664259927797834,0.8880866425992779,0.855072463768116,0.8478260869565217,0.8369565217391305,0.858873541568566,0.017477385360416608,110
0.10929732322692871,0.00447490369099642,0.003354454040527344,0.005874551686186938,7,0.9,0.8,0.07,"{'max_depth': 7, 'max_features': 0.9, 'max_samples': 0.8, 'min_samples_split': 0.07}",0.8267148014440433,0.8844765342960289,0.8623188405797102,0.855072463768116,0.8623188405797102,0.8581802961335218,0.018576777006954204,111
0.10874786376953124,0.00883523590163642,0.005297374725341797,0.0030275486227681263,5,0.9,0.8,0.07,"{'max_depth': 5, 'max_features': 0.9, 'max_samples': 0.8, 'min_samples_split': 0.07}",0.855595667870036,0.8628158844765343,0.8586956521739131,0.8514492753623188,0.8586956521739131,0.8574504264113431,0.0037773868694804913,112
0.10565176010131835,0.0043530774504547485,0.00424351692199707,0.0008026729580539502,10,1.0,0.8,0.07,"{'max_depth': 10, 'max_features': 1.0, 'max_samples': 0.8, 'min_samples_split': 0.07}",0.8411552346570397,0.8844765342960289,0.855072463768116,0.8514492753623188,0.8514492753623188,0.8567205566891645,0.014635317330392415,113
0.10487165451049804,0.008472023249993993,0.0052127838134765625,0.007868713812857234,7,0.7,1.0,0.07,"{'max_depth': 7, 'max_features': 0.7, 'max_samples': 1.0, 'min_samples_split': 0.07}",0.8664259927797834,0.8700361010830325,0.8659420289855072,0.822463768115942,0.8586956521739131,0.8567127086276356,0.017515496116812485,114
0.09889755249023438,0.004474531799036835,0.004369211196899414,0.0024447186470379786,5,0.7,0.8,0.07,"{'max_depth': 5, 'max_features': 0.7, 'max_samples': 0.8, 'min_samples_split': 0.07}",0.8339350180505415,0.8808664259927798,0.8623188405797102,0.855072463768116,0.8478260869565217,0.8560037670695338,0.01557435984755619,115
0.10622138977050781,0.006942156841428973,0.00455179214477539,0.0005043533153271201,10,0.9,0.8,0.07,"{'max_depth': 10, 'max_features': 0.9, 'max_samples': 0.8, 'min_samples_split': 0.07}",0.8628158844765343,0.851985559566787,0.8695652173913043,0.8478260869565217,0.8478260869565217,0.8560037670695337,0.008720238230613271,116
0.10637016296386718,0.005784224997659237,0.003049755096435547,0.0032689858716255984,5,0.9,0.9,0.07,"{'max_depth': 5, 'max_features': 0.9, 'max_samples': 0.9, 'min_samples_split': 0.07}",0.8303249097472925,0.8628158844765343,0.8586956521739131,0.8623188405797102,0.8586956521739131,0.8545701878302726,0.01224667754156918,117
0.09702014923095703,0.005594471918822478,0.007723951339721679,0.006331262615356605,10,0.7,0.7,0.07,"{'max_depth': 10, 'max_features': 0.7, 'max_samples': 0.7, 'min_samples_split': 0.07}",0.8339350180505415,0.8736462093862816,0.8623188405797102,0.8442028985507246,0.855072463768116,0.8538350860670748,0.013818665237911353,118
0.09999041557312012,0.010757042603113168,0.007208728790283203,0.006628516496457657,10,0.9,0.9,0.07,"{'max_depth': 10, 'max_features': 0.9, 'max_samples': 0.9, 'min_samples_split': 0.07}",0.8267148014440433,0.8880866425992779,0.8623188405797102,0.8442028985507246,0.8478260869565217,0.8538298540260556,0.02054039933074867,119
0.08698272705078125,0.005525737649101619,0.01591486930847168,0.0008834816991535176,7,0.7,0.7,0.07,"{'max_depth': 7, 'max_features': 0.7, 'max_samples': 0.7, 'min_samples_split': 0.07}",0.8411552346570397,0.8808664259927798,0.8586956521739131,0.8260869565217391,0.8623188405797102,0.8538246219850365,0.0187458225172909,120
0.09978632926940918,0.0021416910949095314,0.006640481948852539,0.008133037122644385,7,0.8,0.7,0.07,"{'max_depth': 7, 'max_features': 0.8, 'max_samples': 0.7, 'min_samples_split': 0.07}",0.8194945848375451,0.8736462093862816,0.8623188405797102,0.8514492753623188,0.8586956521739131,0.8531209124679539,0.018278357138672364,121
0.1017385482788086,0.007613379647798229,0.004260349273681641,0.008035008401306469,5,0.7,1.0,0.07,"{'max_depth': 5, 'max_features': 0.7, 'max_samples': 1.0, 'min_samples_split': 0.07}",0.8592057761732852,0.8772563176895307,0.8514492753623188,0.822463768115942,0.855072463768116,0.8530895202218385,0.017697467881404895,122
0.09986228942871093,0.0036654075855141817,0.004954004287719726,0.003622131586647315,10,0.8,0.8,0.07,"{'max_depth': 10, 'max_features': 0.8, 'max_samples': 0.8, 'min_samples_split': 0.07}",0.8411552346570397,0.855595667870036,0.8586956521739131,0.8442028985507246,0.8623188405797102,0.8523936587662847,0.008268832403766715,123
0.09292049407958984,0.007439846528565948,0.007365703582763672,0.0074023321814779075,5,0.8,0.7,0.07,"{'max_depth': 5, 'max_features': 0.8, 'max_samples': 0.7, 'min_samples_split': 0.07}",0.8411552346570397,0.8700361010830325,0.8768115942028986,0.8369565217391305,0.8369565217391305,0.8523831946842464,0.017380468175805186,124
0.11680316925048828,0.002561326461006424,0.006861543655395508,0.004580575691451803,5,0.8,1.0,0.07,"{'max_depth': 5, 'max_features': 0.8, 'max_samples': 1.0, 'min_samples_split': 0.07}",0.8483754512635379,0.8700361010830325,0.8586956521739131,0.8478260869565217,0.8333333333333334,0.8516533249620677,0.012235482258445866,125
0.10104904174804688,0.005836582242662428,0.005614948272705078,0.0062379444440671455,5,0.8,0.9,0.07,"{'max_depth': 5, 'max_features': 0.8, 'max_samples': 0.9, 'min_samples_split': 0.07}",0.851985559566787,0.8736462093862816,0.8623188405797102,0.8260869565217391,0.8442028985507246,0.8516480929210486,0.01616600433369841,126
0.09919099807739258,0.0056013317834697025,0.005925464630126953,0.0061305432598592205,5,0.7,0.9,0.07,"{'max_depth': 5, 'max_features': 0.7, 'max_samples': 0.9, 'min_samples_split': 0.07}",0.8447653429602888,0.851985559566787,0.8695652173913043,0.8442028985507246,0.8442028985507246,0.8509443834039658,0.009766220180229454,127
0.09725770950317383,0.007729392152830129,0.0061832904815673825,0.005417854582288285,7,0.7,0.8,0.07,"{'max_depth': 7, 'max_features': 0.7, 'max_samples': 0.8, 'min_samples_split': 0.07}",0.8267148014440433,0.8700361010830325,0.8695652173913043,0.8369565217391305,0.8514492753623188,0.8509443834039658,0.017287087517092008,127
0.11783885955810547,0.010714452637775465,0.0035869121551513673,0.006565224041806108,7,1.0,0.7,0.07,"{'max_depth': 7, 'max_features': 1.0, 'max_samples': 0.7, 'min_samples_split': 0.07}",0.8447653429602888,0.8736462093862816,0.8586956521739131,0.8152173913043478,0.8623188405797102,0.8509286872809083,0.020096918271055985,129
0.10346240997314453,0.003649212220806535,0.0020853996276855467,0.004170799255371093,7,0.9,0.7,0.07,"{'max_depth': 7, 'max_features': 0.9, 'max_samples': 0.7, 'min_samples_split': 0.07}",0.8231046931407943,0.8592057761732852,0.8659420289855072,0.8405797101449275,0.8623188405797102,0.8502302098048448,0.016139906106225524,130
0.10443215370178223,0.005999645622739972,0.004172420501708985,0.00626425892011402,7,0.7,1.0,0.1,"{'max_depth': 7, 'max_features': 0.7, 'max_samples': 1.0, 'min_samples_split': 0.1}",0.8158844765342961,0.8736462093862816,0.8623188405797102,0.8586956521739131,0.8405797101449275,0.8502249777638257,0.020193410537199315,131
0.0960766315460205,0.006355095040258293,0.007616186141967773,0.006772768623938108,10,0.8,0.7,0.07,"{'max_depth': 10, 'max_features': 0.8, 'max_samples': 0.7, 'min_samples_split': 0.07}",0.8267148014440433,0.8700361010830325,0.8731884057971014,0.8333333333333334,0.8478260869565217,0.8502197457228066,0.01878089570066239,132
0.10456581115722656,0.008861233819662289,0.005577516555786133,0.006920540001113677,7,0.8,0.8,0.07,"{'max_depth': 7, 'max_features': 0.8, 'max_samples': 0.8, 'min_samples_split': 0.07}",0.8375451263537906,0.8628158844765343,0.8623188405797102,0.8478260869565217,0.8405797101449275,0.8502171297022969,0.010624091848467035,133
0.1064650535583496,0.008289323302648878,0.0034125328063964845,0.0034596022646900507,5,1.0,0.8,0.07,"{'max_depth': 5, 'max_features': 1.0, 'max_samples': 0.8, 'min_samples_split': 0.07}",0.8447653429602888,0.8772563176895307,0.8478260869565217,0.8260869565217391,0.855072463768116,0.8502014335792394,0.016567408040332958,134
0.10853219032287598,0.010261510992773927,0.00708613395690918,0.005098547035879803,7,1.0,0.8,0.07,"{'max_depth': 7, 'max_features': 1.0, 'max_samples': 0.8, 'min_samples_split': 0.07}",0.8592057761732852,0.8700361010830325,0.8514492753623188,0.8260869565217391,0.8442028985507246,0.8501962015382201,0.014788776954341646,135
0.10199937820434571,0.0032060772667783124,0.004287099838256836,0.0021715655130726164,10,0.7,0.8,0.07,"{'max_depth': 10, 'max_features': 0.7, 'max_samples': 0.8, 'min_samples_split': 0.07}",0.8158844765342961,0.8592057761732852,0.8586956521739131,0.8442028985507246,0.8695652173913043,0.8495108041647047,0.018651740814074898,136
0.10763683319091796,0.0006260391145714112,0.004836940765380859,0.00042424169004225343,7,1.0,0.9,0.1,"{'max_depth': 7, 'max_features': 1.0, 'max_samples': 0.9, 'min_samples_split': 0.1}",0.8411552346570397,0.8808664259927798,0.8623188405797102,0.8260869565217391,0.8369565217391305,0.84947679589808,0.01961283876261535,137
0.10990390777587891,0.00972205007171707,0.0063140869140625,0.005605313417958561,5,1.0,1.0,0.07,"{'max_depth': 5, 'max_features': 1.0, 'max_samples': 1.0, 'min_samples_split': 0.07}",0.8483754512635379,0.8736462093862816,0.8514492753623188,0.8405797101449275,0.8297101449275363,0.8487521582169204,0.014536280887833755,138
0.10958323478698731,0.008940792394253275,0.011228275299072266,0.006177361080920071,5,0.9,0.7,0.07,"{'max_depth': 5, 'max_features': 0.9, 'max_samples': 0.7, 'min_samples_split': 0.07}",0.8303249097472925,0.8483754512635379,0.8586956521739131,0.855072463768116,0.8478260869565217,0.8480589127818762,0.009767081349478401,139
0.09590282440185546,0.005241949964749327,0.0068741321563720705,0.006395395948077977,5,0.7,0.7,0.07,"{'max_depth': 5, 'max_features': 0.7, 'max_samples': 0.7, 'min_samples_split': 0.07}",0.8447653429602888,0.8700361010830325,0.8623188405797102,0.8188405797101449,0.8442028985507246,0.8480327525767801,0.01769613720591819,140
0.09996051788330078,0.001119130861504652,0.0025452613830566407,0.0033283502036600145,10,1.0,0.7,0.07,"{'max_depth': 10, 'max_features': 1.0, 'max_samples': 0.7, 'min_samples_split': 0.07}",0.8447653429602888,0.8808664259927798,0.8659420289855072,0.8188405797101449,0.8297101449275363,0.8480249045152515,0.022791967255407965,141
0.09823179244995117,0.004284303870894882,0.004485559463500976,0.007136678274331881,7,0.7,0.9,0.1,"{'max_depth': 7, 'max_features': 0.7, 'max_samples': 0.9, 'min_samples_split': 0.1}",0.8303249097472925,0.851985559566787,0.8623188405797102,0.8369565217391305,0.855072463768116,0.8473316590802071,0.01185805594499523,142
0.10641179084777833,0.005052676804935039,0.004076242446899414,0.005773024434009329,5,1.0,0.9,0.07,"{'max_depth': 5, 'max_features': 1.0, 'max_samples': 0.9, 'min_samples_split': 0.07}",0.8339350180505415,0.8772563176895307,0.8623188405797102,0.8152173913043478,0.8478260869565217,0.8473107309161303,0.02159231000530304,143
0.10084800720214844,0.00590501921782188,0.00402684211730957,0.005503267391263973,5,0.7,0.9,0.1,"{'max_depth': 5, 'max_features': 0.7, 'max_samples': 0.9, 'min_samples_split': 0.1}",0.8375451263537906,0.8664259927797834,0.8623188405797102,0.8333333333333334,0.8297101449275363,0.8458666875948309,0.015367013952089593,144
0.10365338325500488,0.007218512895296501,0.005211067199707031,0.005862445517654055,10,0.9,1.0,0.1,"{'max_depth': 10, 'max_features': 0.9, 'max_samples': 1.0, 'min_samples_split': 0.1}",0.8411552346570397,0.8772563176895307,0.8514492753623188,0.8369565217391305,0.822463768115942,0.8458562235127923,0.01825244696294277,145
0.10037446022033691,0.008209970838248173,0.005371761322021484,0.005990322793917123,5,0.7,1.0,0.1,"{'max_depth': 5, 'max_features': 0.7, 'max_samples': 1.0, 'min_samples_split': 0.1}",0.8231046931407943,0.8700361010830325,0.8514492753623188,0.8333333333333334,0.8478260869565217,0.8451498979752001,0.016073515509556113,146
0.09710898399353027,0.007869245021160931,0.006348180770874024,0.005581936894718128,5,0.8,0.8,0.07,"{'max_depth': 5, 'max_features': 0.8, 'max_samples': 0.8, 'min_samples_split': 0.07}",0.8122743682310469,0.8664259927797834,0.8586956521739131,0.8333333333333334,0.8514492753623188,0.8444357243760792,0.01946136304916291,147
0.09664921760559082,0.0037056930545525625,0.0052525997161865234,0.006555878771737895,10,0.9,0.8,0.1,"{'max_depth': 10, 'max_features': 0.9, 'max_samples': 0.8, 'min_samples_split': 0.1}",0.8267148014440433,0.8628158844765343,0.8659420289855072,0.8152173913043478,0.8514492753623188,0.8444278763145503,0.020086229660152208,148
0.10273818969726563,0.00724914713704107,0.004939651489257813,0.0027281991819494236,10,0.7,0.7,0.1,"{'max_depth': 10, 'max_features': 0.7, 'max_samples': 0.7, 'min_samples_split': 0.1}",0.8303249097472925,0.8628158844765343,0.8623188405797102,0.8369565217391305,0.8297101449275363,0.8444252602940407,0.015030181866190054,149
0.1003446102142334,0.0038167169809123712,0.006531763076782227,0.006355655011580586,10,0.9,0.7,0.07,"{'max_depth': 10, 'max_features': 0.9, 'max_samples': 0.7, 'min_samples_split': 0.07}",0.8194945848375451,0.8628158844765343,0.8442028985507246,0.8333333333333334,0.8586956521739131,0.8437084706744102,0.016024413078777427,150
0.11544680595397949,0.010345603019139298,0.006253337860107422,0.006146384264914291,5,0.8,1.0,0.1,"{'max_depth': 5, 'max_features': 0.8, 'max_samples': 1.0, 'min_samples_split': 0.1}",0.8339350180505415,0.8736462093862816,0.8623188405797102,0.8188405797101449,0.8297101449275363,0.843690158530843,0.020748483758754783,151
0.11420035362243652,0.005242754433541583,0.005254268646240234,0.0003144482745883459,7,1.0,1.0,0.1,"{'max_depth': 7, 'max_features': 1.0, 'max_samples': 1.0, 'min_samples_split': 0.1}",0.8375451263537906,0.8700361010830325,0.8478260869565217,0.8297101449275363,0.8333333333333334,0.8436901585308428,0.014502969502022883,152
0.10403828620910645,0.005650688982510779,0.005496454238891601,0.005557654831226745,5,1.0,0.7,0.07,"{'max_depth': 5, 'max_features': 1.0, 'max_samples': 0.7, 'min_samples_split': 0.07}",0.8194945848375451,0.8592057761732852,0.8586956521739131,0.8369565217391305,0.8405797101449275,0.8429864490137602,0.014858436895100866,153
0.09741044044494629,0.002637106623359707,0.002727174758911133,0.0035450233755977573,5,0.7,0.8,0.1,"{'max_depth': 5, 'max_features': 0.7, 'max_samples': 0.8, 'min_samples_split': 0.1}",0.8375451263537906,0.851985559566787,0.8623188405797102,0.8333333333333334,0.8297101449275363,0.8429786009522315,0.012278240356532785,154
0.09788393974304199,0.002878126254479757,0.007836675643920899,0.0071795476039850275,7,0.8,0.8,0.1,"{'max_depth': 7, 'max_features': 0.8, 'max_samples': 0.8, 'min_samples_split': 0.1}",0.8411552346570397,0.8483754512635379,0.8478260869565217,0.8369565217391305,0.8405797101449275,0.8429786009522313,0.004426486047534992,155
0.10119132995605469,0.007367013933998078,0.0073582172393798825,0.004233679816834382,10,0.7,0.9,0.1,"{'max_depth': 10, 'max_features': 0.7, 'max_samples': 0.9, 'min_samples_split': 0.1}",0.8447653429602888,0.8592057761732852,0.855072463768116,0.8260869565217391,0.8297101449275363,0.8429681368701931,0.013222361436808171,156
0.10611672401428222,0.011152262535790587,0.005340766906738281,0.005346575129571344,5,0.9,0.8,0.1,"{'max_depth': 5, 'max_features': 0.9, 'max_samples': 0.8, 'min_samples_split': 0.1}",0.8303249097472925,0.8628158844765343,0.8586956521739131,0.8260869565217391,0.8333333333333334,0.8422513472505624,0.015338668567459716,157
0.10527915954589843,0.00745893528218057,0.003151559829711914,0.006303119659423828,7,0.8,1.0,0.1,"{'max_depth': 7, 'max_features': 0.8, 'max_samples': 1.0, 'min_samples_split': 0.1}",0.8411552346570397,0.851985559566787,0.8623188405797102,0.8115942028985508,0.8442028985507246,0.8422513472505624,0.01698428504852443,157
0.09653282165527344,0.008108238710853286,0.009023809432983398,0.005742423815120381,5,0.7,0.7,0.1,"{'max_depth': 5, 'max_features': 0.7, 'max_samples': 0.7, 'min_samples_split': 0.1}",0.8447653429602888,0.851985559566787,0.8405797101449275,0.8405797101449275,0.8333333333333334,0.8422487312300528,0.0061023723760813995,159
0.10231218338012696,0.005853841628408354,0.012320518493652344,0.008931431773826413,5,0.9,1.0,0.07,"{'max_depth': 5, 'max_features': 0.9, 'max_samples': 1.0, 'min_samples_split': 0.07}",0.8339350180505415,0.8736462093862816,0.8514492753623188,0.8152173913043478,0.8369565217391305,0.8422408831685241,0.019484711880067878,160
0.10479459762573243,0.011351422317357208,0.006135988235473633,0.007067328124379264,10,1.0,0.9,0.1,"{'max_depth': 10, 'max_features': 1.0, 'max_samples': 0.9, 'min_samples_split': 0.1}",0.8375451263537906,0.8772563176895307,0.855072463768116,0.8115942028985508,0.8297101449275363,0.8422356511275048,0.02240097552788584,161
0.10866227149963378,0.007628127871508238,0.00108184814453125,0.0021636962890624997,10,1.0,1.0,0.1,"{'max_depth': 10, 'max_features': 1.0, 'max_samples': 1.0, 'min_samples_split': 0.1}",0.8447653429602888,0.8808664259927798,0.8478260869565217,0.8043478260869565,0.8333333333333334,0.8422278030659761,0.024676820381362093,162
0.09933991432189941,0.011024588838200079,0.009148788452148438,0.006587483442617352,10,0.8,0.8,0.1,"{'max_depth': 10, 'max_features': 0.8, 'max_samples': 0.8, 'min_samples_split': 0.1}",0.8267148014440433,0.8628158844765343,0.8586956521739131,0.822463768115942,0.8369565217391305,0.8415293255899126,0.016441876414459055,163
0.1089010238647461,0.009715036104427146,0.004464054107666015,0.00260097493741843,10,0.8,0.9,0.1,"{'max_depth': 10, 'max_features': 0.8, 'max_samples': 0.9, 'min_samples_split': 0.1}",0.8303249097472925,0.8700361010830325,0.8514492753623188,0.822463768115942,0.8333333333333334,0.8415214775283838,0.017130382656434715,164
0.10821404457092285,0.013077813025141216,0.0012653827667236327,0.0019364177672028591,10,0.8,1.0,0.1,"{'max_depth': 10, 'max_features': 0.8, 'max_samples': 1.0, 'min_samples_split': 0.1}",0.8267148014440433,0.8375451263537906,0.855072463768116,0.855072463768116,0.8297101449275363,0.8408230000523205,0.012160392307438893,165
0.09593915939331055,0.003923862025803744,0.002555084228515625,0.002093795704908854,10,0.8,0.7,0.1,"{'max_depth': 10, 'max_features': 0.8, 'max_samples': 0.7, 'min_samples_split': 0.1}",0.8267148014440433,0.8592057761732852,0.8623188405797102,0.822463768115942,0.8333333333333334,0.8408073039292627,0.0166864865018189,166
0.09822421073913574,0.0021083904408239584,0.006186056137084961,0.006079810347425387,7,0.7,0.8,0.1,"{'max_depth': 7, 'max_features': 0.7, 'max_samples': 0.8, 'min_samples_split': 0.1}",0.8375451263537906,0.8628158844765343,0.8405797101449275,0.8297101449275363,0.8333333333333334,0.8407968398472244,0.011611010688684037,167
0.10164828300476074,0.008514034380063816,0.011010456085205077,0.0060582675980439555,5,1.0,0.9,0.1,"{'max_depth': 5, 'max_features': 1.0, 'max_samples': 0.9, 'min_samples_split': 0.1}",0.8267148014440433,0.8772563176895307,0.855072463768116,0.822463768115942,0.822463768115942,0.8407942238267149,0.02192529941617171,168
0.1062436580657959,0.012460207538946845,0.008070802688598633,0.006980384262667959,7,0.8,0.9,0.1,"{'max_depth': 7, 'max_features': 0.8, 'max_samples': 0.9, 'min_samples_split': 0.1}",0.8375451263537906,0.855595667870036,0.8586956521739131,0.822463768115942,0.8260869565217391,0.8400774342070841,0.014831324272475226,169
0.10173640251159669,0.00932271276590245,0.0016458988189697265,0.002017027850399303,7,0.9,0.7,0.1,"{'max_depth': 7, 'max_features': 0.9, 'max_samples': 0.7, 'min_samples_split': 0.1}",0.8194945848375451,0.8628158844765343,0.8478260869565217,0.8405797101449275,0.8260869565217391,0.8393606445874535,0.01545412073490163,170
0.10885629653930665,0.006952679778277373,0.004877519607543945,0.005552183664211687,5,0.9,0.9,0.1,"{'max_depth': 5, 'max_features': 0.9, 'max_samples': 0.9, 'min_samples_split': 0.1}",0.8267148014440433,0.8592057761732852,0.8586956521739131,0.822463768115942,0.8297101449275363,0.839358028566944,0.01616307927838581,171
0.11659550666809082,0.006163926809651097,0.004427909851074219,0.0013306918161681174,7,1.0,0.7,0.1,"{'max_depth': 7, 'max_features': 1.0, 'max_samples': 0.7, 'min_samples_split': 0.1}",0.8267148014440433,0.8592057761732852,0.8731884057971014,0.8115942028985508,0.8260869565217391,0.839358028566944,0.023001000281009425,171
0.10139460563659668,0.0055025586067714806,0.0032089710235595702,0.00272068723589249,5,0.8,0.8,0.1,"{'max_depth': 5, 'max_features': 0.8, 'max_samples': 0.8, 'min_samples_split': 0.1}",0.8411552346570397,0.851985559566787,0.8514492753623188,0.8333333333333334,0.8188405797101449,0.8393527965259248,0.012378572303193345,173
0.10300397872924805,0.007191137022881099,0.006176519393920899,0.007324387630052952,5,1.0,1.0,0.1,"{'max_depth': 5, 'max_features': 1.0, 'max_samples': 1.0, 'min_samples_split': 0.1}",0.8122743682310469,0.8880866425992779,0.8478260869565217,0.8260869565217391,0.822463768115942,0.8393475644849057,0.026986097670919217,174
0.10014262199401855,0.000507371913827067,0.006268692016601562,0.005972470454982899,10,0.9,0.9,0.1,"{'max_depth': 10, 'max_features': 0.9, 'max_samples': 0.9, 'min_samples_split': 0.1}",0.8483754512635379,0.855595667870036,0.8478260869565217,0.8152173913043478,0.8297101449275363,0.8393449484643959,0.014781975685503278,175
0.09977331161499023,0.003839902347267428,0.0027020454406738283,0.002228747249696662,10,0.7,0.8,0.1,"{'max_depth': 10, 'max_features': 0.7, 'max_samples': 0.8, 'min_samples_split': 0.1}",0.8267148014440433,0.855595667870036,0.8623188405797102,0.8260869565217391,0.822463768115942,0.8386360069062941,0.016790722578419487,176
0.09892487525939941,0.0038985566815876336,0.011239862442016602,0.007559093437221698,5,0.9,1.0,0.1,"{'max_depth': 5, 'max_features': 0.9, 'max_samples': 1.0, 'min_samples_split': 0.1}",0.8267148014440433,0.8628158844765343,0.855072463768116,0.822463768115942,0.8260869565217391,0.8386307748652749,0.01682830097978128,177
0.10078592300415039,0.002204383996916686,0.004363298416137695,0.005044938573764963,5,0.8,0.7,0.1,"{'max_depth': 5, 'max_features': 0.8, 'max_samples': 0.7, 'min_samples_split': 0.1}",0.8122743682310469,0.8628158844765343,0.855072463768116,0.822463768115942,0.8369565217391305,0.8379166012661539,0.01903435758133271,178
0.10226993560791016,0.007624826687185207,0.007400369644165039,0.008362788727439688,5,1.0,0.8,0.1,"{'max_depth': 5, 'max_features': 1.0, 'max_samples': 0.8, 'min_samples_split': 0.1}",0.8086642599277978,0.8700361010830325,0.8514492753623188,0.8333333333333334,0.8260869565217391,0.8379139852456443,0.021125538175206057,179
0.09779200553894044,0.005049964455529092,0.006690263748168945,0.004687251355501328,10,0.9,0.7,0.1,"{'max_depth': 10, 'max_features': 0.9, 'max_samples': 0.7, 'min_samples_split': 0.1}",0.8194945848375451,0.8592057761732852,0.8586956521739131,0.8188405797101449,0.8333333333333334,0.8379139852456443,0.017940287195477852,179
0.10303435325622559,0.005824672677306027,0.0030373096466064452,0.004355357822890137,7,0.8,0.7,0.1,"{'max_depth': 7, 'max_features': 0.8, 'max_samples': 0.7, 'min_samples_split': 0.1}",0.8194945848375451,0.8664259927797834,0.8623188405797102,0.8152173913043478,0.8260869565217391,0.8379087532046251,0.021921768619334904,181
0.10105109214782715,0.0020464040335291703,0.004509258270263672,0.0012093962984819403,10,0.7,1.0,0.1,"{'max_depth': 10, 'max_features': 0.7, 'max_samples': 1.0, 'min_samples_split': 0.1}",0.8267148014440433,0.851985559566787,0.8623188405797102,0.8115942028985508,0.8333333333333334,0.8371893475644848,0.018056110885068928,182
0.10657143592834473,0.008845724936271022,0.0073433399200439455,0.008595318247514439,7,0.9,1.0,0.1,"{'max_depth': 7, 'max_features': 0.9, 'max_samples': 1.0, 'min_samples_split': 0.1}",0.8122743682310469,0.8628158844765343,0.8478260869565217,0.8188405797101449,0.8369565217391305,0.8357426882226757,0.018530424644705668,183
0.10334615707397461,0.00414348711248065,0.004036951065063477,0.00245108311991015,7,0.9,0.8,0.1,"{'max_depth': 7, 'max_features': 0.9, 'max_samples': 0.8, 'min_samples_split': 0.1}",0.8231046931407943,0.855595667870036,0.8623188405797102,0.8079710144927537,0.8260869565217391,0.8350154345210067,0.02060100056493,184
0.10717072486877441,0.0051060669921910475,0.004465961456298828,0.0013746826137919395,10,1.0,0.8,0.1,"{'max_depth': 10, 'max_features': 1.0, 'max_samples': 0.8, 'min_samples_split': 0.1}",0.8339350180505415,0.855595667870036,0.8442028985507246,0.8079710144927537,0.8333333333333334,0.8350075864594778,0.015769290477743825,185
0.10356359481811524,0.0029674583358510766,0.007741975784301758,0.004284686899763179,7,1.0,0.8,0.1,"{'max_depth': 7, 'max_features': 1.0, 'max_samples': 0.8, 'min_samples_split': 0.1}",0.8194945848375451,0.8736462093862816,0.8442028985507246,0.822463768115942,0.8152173913043478,0.8350049704389683,0.021758443575555588,186
0.1005892276763916,0.0014710554882829496,0.007222270965576172,0.006909430810942187,5,0.8,0.9,0.1,"{'max_depth': 5, 'max_features': 0.8, 'max_samples': 0.9, 'min_samples_split': 0.1}",0.8122743682310469,0.8628158844765343,0.855072463768116,0.8152173913043478,0.8260869565217391,0.8342934128603569,0.020791244282886964,187
0.10495166778564453,0.010276571386565757,0.006818532943725586,0.004745931423103246,7,0.9,0.9,0.1,"{'max_depth': 7, 'max_features': 0.9, 'max_samples': 0.9, 'min_samples_split': 0.1}",0.8122743682310469,0.8628158844765343,0.855072463768116,0.8152173913043478,0.8260869565217391,0.8342934128603569,0.020791244282886964,187
0.10437550544738769,0.0062080567018623365,0.002401590347290039,0.004803180694580078,5,1.0,0.7,0.1,"{'max_depth': 5, 'max_features': 1.0, 'max_samples': 0.7, 'min_samples_split': 0.1}",0.8231046931407943,0.8483754512635379,0.8586956521739131,0.8079710144927537,0.8260869565217391,0.8328467535185476,0.018268612444692568,189
0.10065231323242188,0.0015803351643126121,0.005384683609008789,0.00546382370534911,10,1.0,0.7,0.1,"{'max_depth': 10, 'max_features': 1.0, 'max_samples': 0.7, 'min_samples_split': 0.1}",0.8122743682310469,0.8628158844765343,0.8369565217391305,0.8152173913043478,0.8369565217391305,0.8328441374980381,0.01825347426825808,190
0.11219329833984375,0.0096339075628874,0.004641294479370117,0.0039406136412724726,5,0.9,0.7,0.1,"{'max_depth': 5, 'max_features': 0.9, 'max_samples': 0.7, 'min_samples_split': 0.1}",0.8086642599277978,0.8483754512635379,0.855072463768116,0.8079710144927537,0.8260869565217391,0.829234029194789,0.01959160028348766,191
0.08650093078613282,0.004587613745376146,0.013466119766235352,0.004337902372640924,7,0.7,0.7,0.1,"{'max_depth': 7, 'max_features': 0.7, 'max_samples': 0.7, 'min_samples_split': 0.1}",0.8158844765342961,0.8375451263537906,0.855072463768116,0.8079710144927537,0.8188405797101449,0.8270627321718201,0.017038054619121234,192
0.09538660049438477,0.005966127163547214,0.005831766128540039,0.005509471802517436,3,0.7,0.7,0.03,"{'max_depth': 3, 'max_features': 0.7, 'max_samples': 0.7, 'min_samples_split': 0.03}",0.8231046931407943,0.8447653429602888,0.822463768115942,0.8152173913043478,0.8043478260869565,0.821979804321666,0.013246110773716234,193
0.0912862777709961,0.004802497664480164,0.009554910659790038,0.007801717235821905,3,0.7,0.9,0.07,"{'max_depth': 3, 'max_features': 0.7, 'max_samples': 0.9, 'min_samples_split': 0.07}",0.8303249097472925,0.8411552346570397,0.8152173913043478,0.8188405797101449,0.7971014492753623,0.8205279129388374,0.014841263295031515,194
0.10222163200378417,0.005176724767293727,0.001199960708618164,0.002399921417236328,3,0.7,0.8,0.1,"{'max_depth': 3, 'max_features': 0.7, 'max_samples': 0.8, 'min_samples_split': 0.1}",0.8231046931407943,0.8447653429602888,0.8260869565217391,0.8115942028985508,0.7898550724637681,0.8190812535970282,0.018084059154113066,195
0.09755930900573731,0.00498994365131014,0.006432342529296875,0.0049124437062602515,3,0.7,0.8,0.01,"{'max_depth': 3, 'max_features': 0.7, 'max_samples': 0.8, 'min_samples_split': 0.01}",0.8339350180505415,0.8375451263537906,0.8152173913043478,0.8188405797101449,0.782608695652174,0.8176293622141998,0.01947431031619907,196
0.10060644149780273,0.0018954415290856133,0.00244755744934082,0.0025577180619454605,3,0.7,0.9,0.01,"{'max_depth': 3, 'max_features': 0.7, 'max_samples': 0.9, 'min_samples_split': 0.01}",0.8050541516245487,0.8447653429602888,0.8115942028985508,0.8188405797101449,0.8043478260869565,0.816920420656098,0.014874634647272407,197
0.09915924072265625,0.00359256412094271,0.006432533264160156,0.002689021305445557,3,0.7,0.8,0.03,"{'max_depth': 3, 'max_features': 0.7, 'max_samples': 0.8, 'min_samples_split': 0.03}",0.8231046931407943,0.8411552346570397,0.822463768115942,0.8079710144927537,0.7898550724637681,0.8169099565740595,0.017140154800055145,198
0.09482088088989257,0.008397034294149355,0.006861066818237305,0.0066456341706000645,3,0.7,0.9,0.03,"{'max_depth': 3, 'max_features': 0.7, 'max_samples': 0.9, 'min_samples_split': 0.03}",0.8303249097472925,0.8158844765342961,0.822463768115942,0.8188405797101449,0.7934782608695652,0.8161983989954482,0.012345829246656073,199
0.09539813995361328,0.004815918550816093,0.006889200210571289,0.005276008598060506,3,0.8,0.8,0.07,"{'max_depth': 3, 'max_features': 0.8, 'max_samples': 0.8, 'min_samples_split': 0.07}",0.8122743682310469,0.8411552346570397,0.8079710144927537,0.8188405797101449,0.8007246376811594,0.8161931669544289,0.01380108539720162,200
0.0970773696899414,0.006355881158620975,0.007709217071533203,0.007989040141807537,3,0.8,0.7,0.1,"{'max_depth': 3, 'max_features': 0.8, 'max_samples': 0.7, 'min_samples_split': 0.1}",0.8339350180505415,0.8339350180505415,0.8115942028985508,0.8188405797101449,0.782608695652174,0.8161827028723906,0.01889773526371121,201
0.09818382263183593,0.007014113406527667,0.0070076465606689455,0.004518346132419576,3,0.7,0.7,0.1,"{'max_depth': 3, 'max_features': 0.7, 'max_samples': 0.7, 'min_samples_split': 0.1}",0.8014440433212996,0.855595667870036,0.8152173913043478,0.8007246376811594,0.8007246376811594,0.8147412755716005,0.021161553427323707,202
0.100559663772583,0.0007839184665890806,0.004602622985839844,0.006242903243710428,3,0.7,0.9,0.1,"{'max_depth': 3, 'max_features': 0.7, 'max_samples': 0.9, 'min_samples_split': 0.1}",0.8267148014440433,0.8628158844765343,0.7862318840579711,0.8152173913043478,0.782608695652174,0.8147177313870142,0.029325911254329245,203
0.10526180267333984,0.005477640339742583,0.0015753746032714845,0.001996655977525341,3,0.9,0.9,0.07,"{'max_depth': 3, 'max_features': 0.9, 'max_samples': 0.9, 'min_samples_split': 0.07}",0.8231046931407943,0.8158844765342961,0.8297101449275363,0.8152173913043478,0.7862318840579711,0.814029717992989,0.014871457436329892,204
0.09714479446411133,0.0024983742064006143,0.0031612873077392577,0.002996201525818183,3,0.8,0.8,0.1,"{'max_depth': 3, 'max_features': 0.8, 'max_samples': 0.8, 'min_samples_split': 0.1}",0.8158844765342961,0.8411552346570397,0.8007246376811594,0.8152173913043478,0.7971014492753623,0.8140166378904411,0.015519245728241798,205
0.09320330619812012,0.003800155271497171,0.0053904056549072266,0.004654879588078016,3,0.7,0.8,0.07,"{'max_depth': 3, 'max_features': 0.7, 'max_samples': 0.8, 'min_samples_split': 0.07}",0.8231046931407943,0.8411552346570397,0.8043478260869565,0.8115942028985508,0.7898550724637681,0.814011405849422,0.0173333862973787,206
0.09950389862060546,0.0006779132449517147,0.0071044921875,0.008745183743977925,3,0.9,1.0,0.01,"{'max_depth': 3, 'max_features': 0.9, 'max_samples': 1.0, 'min_samples_split': 0.01}",0.7870036101083032,0.8339350180505415,0.8260869565217391,0.822463768115942,0.7934782608695652,0.8125935227332182,0.018736012307673806,207
0.09733061790466309,0.006523445837813382,0.0063303947448730465,0.007753960956293252,3,0.7,1.0,0.07,"{'max_depth': 3, 'max_features': 0.7, 'max_samples': 1.0, 'min_samples_split': 0.07}",0.8267148014440433,0.851985559566787,0.7898550724637681,0.8043478260869565,0.7898550724637681,0.8125516664050647,0.023888072643307563,208
0.09343538284301758,0.005758702839752819,0.007294368743896484,0.005371063328261947,3,0.9,0.7,0.03,"{'max_depth': 3, 'max_features': 0.9, 'max_samples': 0.7, 'min_samples_split': 0.03}",0.8158844765342961,0.8339350180505415,0.822463768115942,0.8115942028985508,0.7753623188405797,0.8118479568879821,0.0197387607741449,209
0.11164803504943847,0.01838475344201502,0.0058001518249511715,0.0069484525704379746,3,0.7,0.7,0.01,"{'max_depth': 3, 'max_features': 0.7, 'max_samples': 0.7, 'min_samples_split': 0.01}",0.8194945848375451,0.8375451263537906,0.7971014492753623,0.8188405797101449,0.7862318840579711,0.8118427248469627,0.01811824907995676,210
0.09573016166687012,0.01102894988124849,0.005396699905395508,0.006208205822950329,3,0.7,0.7,0.07,"{'max_depth': 3, 'max_features': 0.7, 'max_samples': 0.7, 'min_samples_split': 0.07}",0.8375451263537906,0.855595667870036,0.7717391304347826,0.8115942028985508,0.782608695652174,0.8118165646418669,0.03174245912185786,211
0.10357427597045898,0.008617313534908713,0.00755767822265625,0.004124911479708416,3,0.9,0.9,0.03,"{'max_depth': 3, 'max_features': 0.9, 'max_samples': 0.9, 'min_samples_split': 0.03}",0.8050541516245487,0.8158844765342961,0.8115942028985508,0.8188405797101449,0.8043478260869565,0.8111442473708994,0.005747806058715731,212
0.09935965538024902,0.0021016864109569236,0.004302406311035156,0.004121423217195355,3,0.8,1.0,0.01,"{'max_depth': 3, 'max_features': 0.8, 'max_samples': 1.0, 'min_samples_split': 0.01}",0.8086642599277978,0.8375451263537906,0.8043478260869565,0.8115942028985508,0.7934782608695652,0.8111259352273322,0.014571451220967787,213
0.10262761116027833,0.01381065954361475,0.005529069900512695,0.005802237308195271,3,0.8,0.8,0.03,"{'max_depth': 3, 'max_features': 0.8, 'max_samples': 0.8, 'min_samples_split': 0.03}",0.8231046931407943,0.8375451263537906,0.8043478260869565,0.8043478260869565,0.7862318840579711,0.8111154711452938,0.017624205310317196,214
0.10540781021118165,0.004935379535147273,0.002534914016723633,0.0022998612680316366,3,1.0,0.9,0.01,"{'max_depth': 3, 'max_features': 1.0, 'max_samples': 0.9, 'min_samples_split': 0.01}",0.7870036101083032,0.8158844765342961,0.8297101449275363,0.8152173913043478,0.8043478260869565,0.810432689792288,0.014213957681675571,215
0.09879012107849121,0.0038646205672664916,0.001203632354736328,0.002407264709472656,3,1.0,0.7,0.1,"{'max_depth': 3, 'max_features': 1.0, 'max_samples': 0.7, 'min_samples_split': 0.1}",0.8158844765342961,0.8231046931407943,0.8297101449275363,0.8007246376811594,0.782608695652174,0.810406529587192,0.01691354148578135,216
0.09868249893188477,0.010237534735207686,0.007868719100952149,0.0076999388657181134,3,0.8,1.0,0.1,"{'max_depth': 3, 'max_features': 0.8, 'max_samples': 1.0, 'min_samples_split': 0.1}",0.8050541516245487,0.8411552346570397,0.8115942028985508,0.8152173913043478,0.7789855072463768,0.8104012975461726,0.019929707874197823,217
0.0942831039428711,0.006572434047243349,0.009572458267211915,0.006862557275776751,3,0.8,0.9,0.03,"{'max_depth': 3, 'max_features': 0.8, 'max_samples': 0.9, 'min_samples_split': 0.03}",0.8231046931407943,0.8267148014440433,0.822463768115942,0.8115942028985508,0.7681159420289855,0.8103986815256631,0.02173699218145267,218
0.10382847785949707,0.007251075824187475,0.0,0.0,3,0.8,0.9,0.01,"{'max_depth': 3, 'max_features': 0.8, 'max_samples': 0.9, 'min_samples_split': 0.01}",0.7870036101083032,0.8447653429602888,0.8043478260869565,0.8188405797101449,0.7934782608695652,0.8096871239470518,0.02059147564174919,219
0.09600882530212403,0.0028627770466739307,0.005220270156860352,0.003104007364219932,3,0.8,0.7,0.01,"{'max_depth': 3, 'max_features': 0.8, 'max_samples': 0.7, 'min_samples_split': 0.01}",0.7978339350180506,0.8411552346570397,0.8152173913043478,0.8152173913043478,0.7789855072463768,0.8096818919060326,0.0206615436242934,220
0.10195550918579102,0.00838745022852149,0.004580259323120117,0.006936541594871564,3,1.0,0.8,0.03,"{'max_depth': 3, 'max_features': 1.0, 'max_samples': 0.8, 'min_samples_split': 0.03}",0.7870036101083032,0.8231046931407943,0.822463768115942,0.8079710144927537,0.8043478260869565,0.8089781823889499,0.01331732512176474,221
0.09740958213806153,0.002642945920001143,0.0034595012664794924,0.002919523203160599,3,0.9,0.7,0.07,"{'max_depth': 3, 'max_features': 0.9, 'max_samples': 0.7, 'min_samples_split': 0.07}",0.7870036101083032,0.8303249097472925,0.8079710144927537,0.8188405797101449,0.7971014492753623,0.8082483126667714,0.015331269381989483,222
0.09686713218688965,0.005552196349115461,0.007410621643066407,0.00770680294174786,3,1.0,0.8,0.1,"{'max_depth': 3, 'max_features': 1.0, 'max_samples': 0.8, 'min_samples_split': 0.1}",0.7870036101083032,0.8303249097472925,0.8260869565217391,0.8115942028985508,0.7862318840579711,0.8082483126667712,0.01872350848621781,223
0.11338844299316406,0.007848912498185617,0.0030660629272460938,0.0038983956993423633,3,0.9,0.9,0.1,"{'max_depth': 3, 'max_features': 0.9, 'max_samples': 0.9, 'min_samples_split': 0.1}",0.7870036101083032,0.8447653429602888,0.822463768115942,0.8079710144927537,0.7789855072463768,0.8082378485847329,0.02384658545681931,224
0.09935407638549805,0.0012290663759394684,0.0028862953186035156,0.005237053294186333,3,0.8,1.0,0.07,"{'max_depth': 3, 'max_features': 0.8, 'max_samples': 1.0, 'min_samples_split': 0.07}",0.8231046931407943,0.8411552346570397,0.7862318840579711,0.8188405797101449,0.7717391304347826,0.8082143044001466,0.02542994852493666,225
0.10005955696105957,0.0005432375858083372,0.0032671451568603515,0.006534290313720703,3,1.0,0.7,0.01,"{'max_depth': 3, 'max_features': 1.0, 'max_samples': 0.7, 'min_samples_split': 0.01}",0.7870036101083032,0.8303249097472925,0.8260869565217391,0.8115942028985508,0.782608695652174,0.8075236749856118,0.01961066130089143,226
0.09503216743469238,0.009651539587034045,0.008025693893432616,0.008414494063302422,3,0.9,0.8,0.07,"{'max_depth': 3, 'max_features': 0.9, 'max_samples': 0.8, 'min_samples_split': 0.07}",0.7942238267148014,0.8375451263537906,0.822463768115942,0.8152173913043478,0.7681159420289855,0.8075132109035735,0.02413935388161969,227
0.10212626457214355,0.003807783819798899,0.004358816146850586,0.006891397930078298,3,0.9,1.0,0.03,"{'max_depth': 3, 'max_features': 0.9, 'max_samples': 1.0, 'min_samples_split': 0.03}",0.7942238267148014,0.8447653429602888,0.8152173913043478,0.8152173913043478,0.7681159420289855,0.8075079788625542,0.025436912250068437,228
0.10106024742126465,0.0020977336342586487,0.005490303039550781,0.006073808614078461,3,1.0,0.8,0.01,"{'max_depth': 3, 'max_features': 1.0, 'max_samples': 0.8, 'min_samples_split': 0.01}",0.7870036101083032,0.8231046931407943,0.8188405797101449,0.8188405797101449,0.7862318840579711,0.8068042693454716,0.016557406155194934,229
0.10131368637084961,0.00697820297622617,0.0008024215698242187,0.0016048431396484375,3,0.8,0.8,0.01,"{'max_depth': 3, 'max_features': 0.8, 'max_samples': 0.8, 'min_samples_split': 0.01}",0.7870036101083032,0.8411552346570397,0.8007246376811594,0.822463768115942,0.782608695652174,0.8067911892429237,0.02208919046901208,230
0.09871597290039062,0.008302351892520128,0.0043560504913330075,0.0062755198164032204,3,0.9,0.8,0.1,"{'max_depth': 3, 'max_features': 0.9, 'max_samples': 0.8, 'min_samples_split': 0.1}",0.8122743682310469,0.8411552346570397,0.7971014492753623,0.8079710144927537,0.7753623188405797,0.8067728770993565,0.021419655157787383,231
0.09497151374816895,0.008904218179721795,0.007323074340820313,0.006921038134164609,3,0.9,0.7,0.1,"{'max_depth': 3, 'max_features': 0.9, 'max_samples': 0.7, 'min_samples_split': 0.1}",0.7978339350180506,0.8267148014440433,0.8115942028985508,0.8115942028985508,0.782608695652174,0.8060691675822739,0.01486947898627457,232
0.10337810516357422,0.005297071762365808,0.0014263153076171874,0.0017694358849985638,3,0.9,0.9,0.01,"{'max_depth': 3, 'max_features': 0.9, 'max_samples': 0.9, 'min_samples_split': 0.01}",0.7942238267148014,0.8375451263537906,0.8115942028985508,0.8188405797101449,0.7681159420289855,0.8060639355412548,0.023516505934625544,233
0.09999299049377441,0.00496897830858055,0.0026446819305419923,0.00218442082046472,3,0.8,0.9,0.07,"{'max_depth': 3, 'max_features': 0.8, 'max_samples': 0.9, 'min_samples_split': 0.07}",0.7978339350180506,0.8483754512635379,0.7971014492753623,0.8079710144927537,0.7789855072463768,0.8060534714592162,0.02313093648323947,234
0.10358595848083496,0.005570370743455288,0.003577709197998047,0.005190119901477747,3,0.8,1.0,0.03,"{'max_depth': 3, 'max_features': 0.8, 'max_samples': 1.0, 'min_samples_split': 0.03}",0.8122743682310469,0.8375451263537906,0.8043478260869565,0.8079710144927537,0.7681159420289855,0.8060508554387067,0.022254285821467885,235
0.1009124755859375,0.0024738939083574995,0.0053177356719970705,0.006061095849251991,3,0.9,0.8,0.03,"{'max_depth': 3, 'max_features': 0.9, 'max_samples': 0.8, 'min_samples_split': 0.03}",0.7870036101083032,0.8158844765342961,0.822463768115942,0.8152173913043478,0.7862318840579711,0.8053602260241719,0.015513307335988349,236
0.09528937339782714,0.0031684911662955314,0.004860401153564453,0.0027008089599952954,3,0.8,0.7,0.03,"{'max_depth': 3, 'max_features': 0.8, 'max_samples': 0.7, 'min_samples_split': 0.03}",0.8014440433212996,0.8375451263537906,0.7789855072463768,0.8152173913043478,0.7934782608695652,0.805334065819076,0.01992571940137612,237
0.10333704948425293,0.0081466801049996,0.0017350673675537109,0.002134436134775734,3,1.0,1.0,0.07,"{'max_depth': 3, 'max_features': 1.0, 'max_samples': 1.0, 'min_samples_split': 0.07}",0.7870036101083032,0.8158844765342961,0.8152173913043478,0.8007246376811594,0.8043478260869565,0.8046355883430127,0.010628048156808892,238
0.09875712394714356,0.0015333066370014983,0.001200246810913086,0.0024004936218261714,3,0.8,0.9,0.1,"{'max_depth': 3, 'max_features': 0.8, 'max_samples': 0.9, 'min_samples_split': 0.1}",0.7906137184115524,0.8194945848375451,0.8043478260869565,0.8152173913043478,0.7934782608695652,0.8046303563019934,0.01143630879004523,239
0.09864344596862792,0.006778530304504329,0.0047625541687011715,0.005798022861113931,3,0.7,1.0,0.01,"{'max_depth': 3, 'max_features': 0.7, 'max_samples': 1.0, 'min_samples_split': 0.01}",0.7942238267148014,0.8339350180505415,0.8043478260869565,0.8115942028985508,0.7789855072463768,0.8046172761994453,0.01829366813205409,240
0.09792518615722656,0.006390487442706406,0.0032838821411132813,0.0035699140772128117,3,0.7,1.0,0.1,"{'max_depth': 3, 'max_features': 0.7, 'max_samples': 1.0, 'min_samples_split': 0.1}",0.8267148014440433,0.8411552346570397,0.7681159420289855,0.8188405797101449,0.7681159420289855,0.8045884999738397,0.030627817568456856,241
0.10500750541687012,0.00622768273948971,0.001501750946044922,0.001845731755654213,3,0.9,1.0,0.07,"{'max_depth': 3, 'max_features': 0.9, 'max_samples': 1.0, 'min_samples_split': 0.07}",0.7870036101083032,0.8158844765342961,0.8297101449275363,0.8188405797101449,0.7681159420289855,0.8039109506618531,0.02279911567459097,242
0.10224080085754395,0.004169936041068433,0.006345367431640625,0.00777666895983391,3,1.0,0.9,0.1,"{'max_depth': 3, 'max_features': 1.0, 'max_samples': 0.9, 'min_samples_split': 0.1}",0.7870036101083032,0.8158844765342961,0.8260869565217391,0.8079710144927537,0.782608695652174,0.8039109506618531,0.01668094067562055,242
0.09879941940307617,0.0035450430526968633,0.007680559158325195,0.005512807673039565,3,1.0,1.0,0.1,"{'max_depth': 3, 'max_features': 1.0, 'max_samples': 1.0, 'min_samples_split': 0.1}",0.7833935018050542,0.8303249097472925,0.8188405797101449,0.7971014492753623,0.7898550724637681,0.8039031026003244,0.017807265251968896,244
0.09656786918640137,0.0066773191172130346,0.0033483982086181642,0.006696796417236328,3,0.9,0.7,0.01,"{'max_depth': 3, 'max_features': 0.9, 'max_samples': 0.7, 'min_samples_split': 0.01}",0.7942238267148014,0.8303249097472925,0.8043478260869565,0.8188405797101449,0.7717391304347826,0.8038952545387955,0.02024671367640196,245
0.09961943626403809,0.002579228596309832,0.007672119140625,0.007513996406713635,3,1.0,1.0,0.03,"{'max_depth': 3, 'max_features': 1.0, 'max_samples': 1.0, 'min_samples_split': 0.03}",0.7870036101083032,0.8158844765342961,0.8260869565217391,0.7971014492753623,0.7898550724637681,0.8031863129806938,0.015246706165704877,246
0.10464725494384766,0.006025107195410201,0.0013962745666503905,0.0023329469560921827,3,0.7,1.0,0.03,"{'max_depth': 3, 'max_features': 0.7, 'max_samples': 1.0, 'min_samples_split': 0.03}",0.8267148014440433,0.8194945848375451,0.7789855072463768,0.8115942028985508,0.7789855072463768,0.8031549207345785,0.02030564050805814,247
0.09538931846618652,0.004281555389764545,0.003011608123779297,0.003522051674573855,3,0.8,0.7,0.07,"{'max_depth': 3, 'max_features': 0.8, 'max_samples': 0.7, 'min_samples_split': 0.07}",0.8014440433212996,0.851985559566787,0.7898550724637681,0.8043478260869565,0.7681159420289855,0.8031496886935594,0.02754413646985835,248
0.10704979896545411,0.007853902143015653,0.0018126964569091797,0.0015857328204625545,3,1.0,1.0,0.01,"{'max_depth': 3, 'max_features': 1.0, 'max_samples': 1.0, 'min_samples_split': 0.01}",0.7870036101083032,0.8158844765342961,0.8152173913043478,0.8115942028985508,0.782608695652174,0.8024616752995344,0.014555930231112192,249
0.10158977508544922,0.010623978941939904,0.00472569465637207,0.005130871125602942,3,1.0,0.8,0.07,"{'max_depth': 3, 'max_features': 1.0, 'max_samples': 0.8, 'min_samples_split': 0.07}",0.7870036101083032,0.8158844765342961,0.8260869565217391,0.8115942028985508,0.7681159420289855,0.801737037618375,0.021155066724859267,250
0.09908971786499024,0.00630381210952732,0.005170488357543945,0.005832949458533655,3,1.0,0.9,0.03,"{'max_depth': 3, 'max_features': 1.0, 'max_samples': 0.9, 'min_samples_split': 0.03}",0.7870036101083032,0.8267148014440433,0.8152173913043478,0.8079710144927537,0.7681159420289855,0.8010045518756866,0.020924819554343936,251
0.09700245857238769,0.005411209214342074,0.006486320495605468,0.005533923497354451,3,1.0,0.7,0.07,"{'max_depth': 3, 'max_features': 1.0, 'max_samples': 0.7, 'min_samples_split': 0.07}",0.7870036101083032,0.8158844765342961,0.8152173913043478,0.8152173913043478,0.7681159420289855,0.8002877622560561,0.019496357907690567,252
0.10281901359558106,0.006112602155936776,0.0005871772766113282,0.0009388873805838415,3,1.0,0.7,0.03,"{'max_depth': 3, 'max_features': 1.0, 'max_samples': 0.7, 'min_samples_split': 0.03}",0.7833935018050542,0.8231046931407943,0.8115942028985508,0.8152173913043478,0.7681159420289855,0.8002851462355466,0.02093697101880876,253
0.09820141792297363,0.0010154212587507325,0.0017867565155029296,0.0018825671737515905,3,0.9,0.8,0.01,"{'max_depth': 3, 'max_features': 0.9, 'max_samples': 0.8, 'min_samples_split': 0.01}",0.7870036101083032,0.8375451263537906,0.782608695652174,0.8188405797101449,0.7717391304347826,0.7995474284518391,0.024631768988131353,254
0.10272793769836426,0.008911073425050986,0.008211946487426758,0.006654099221174657,3,1.0,0.9,0.07,"{'max_depth': 3, 'max_features': 1.0, 'max_samples': 0.9, 'min_samples_split': 0.07}",0.7870036101083032,0.8158844765342961,0.8152173913043478,0.8007246376811594,0.7681159420289855,0.7973892115314184,0.01808772464089841,255
0.0974820613861084,0.006651679971942898,0.006758785247802735,0.008337164318846608,3,0.9,1.0,0.1,"{'max_depth': 3, 'max_features': 0.9, 'max_samples': 1.0, 'min_samples_split': 0.1}",0.7870036101083032,0.8158844765342961,0.7971014492753623,0.8152173913043478,0.7681159420289855,0.7966645738502589,0.01801200241003577,256
